{"circle": {"means": {"training_time": 43.699615716934204, "eval_loss": 0.4397040917288007, "inference_time": 0.15197443962097168, "kl_divergence": 0.3627721069790246}}, "dino": {"means": {"training_time": 43.71989035606384, "eval_loss": 0.6620114938072537, "inference_time": 0.14393925666809082, "kl_divergence": 1.0981413666941375}}, "line": {"means": {"training_time": 43.76361036300659, "eval_loss": 0.8045306634110259, "inference_time": 0.13260626792907715, "kl_divergence": 0.1760188901318835}}, "moons": {"means": {"training_time": 44.4794180393219, "eval_loss": 0.6213997739660161, "inference_time": 0.13884329795837402, "kl_divergence": 0.08932968521883831}}}