{"final_train_loss": 0.8152343034744263, "best_val_loss": 1.4723396301269531, "total_train_time": 131.13552069664001, "avg_inference_tokens_per_second": 458.66329588366295}