{"shakespeare_char": {"means": {"final_train_loss_mean": 0.8152343034744263, "best_val_loss_mean": 1.4723396301269531, "total_train_time_mean": 131.13552069664001, "avg_inference_tokens_per_second_mean": 458.66329588366295}, "stderrs": {"final_train_loss_stderr": 0.0, "best_val_loss_stderr": 0.0, "total_train_time_stderr": 0.0, "avg_inference_tokens_per_second_stderr": 0.0}, "final_info_dict": {"final_train_loss": [0.8152343034744263], "best_val_loss": [1.4723396301269531], "total_train_time": [131.13552069664001], "avg_inference_tokens_per_second": [458.66329588366295]}}}